question,duration,answer_sequence
1,0 days 00:00:03.131481000,a
2,0 days 00:00:01.087967000,c
3,0 days 00:00:02.125263000,b
4,0 days 00:00:04.720119000,da
5,0 days 00:00:03.013901000,d
