question,duration,answer_sequence
1,0 days 00:00:00.793003000,c
3,0 days 00:00:00.740888000,d
4,0 days 00:00:01.143709000,c
