question,duration,answer_sequence
1,0 days 00:00:00.821159000,a
2,0 days 00:00:00.721078000,c
3,0 days 00:00:00.664250000,c
4,0 days 00:00:00.568570000,c
5,0 days 00:00:01.651225000,db
